from,to,relationship,weight
UNLOCK,DZ,4,2
UNLOCK,FP,4,2
DZ,FP,2,2
TRUDOKU,ML,4,2
TRUDOKU,LB,4,2
TRUDOKU,LEOS,4,2
TRUDOKU,CH,4,2
TRUDOKU,CCDS,4,2
TRUDOKU,SN,4,2
ML,LB,2,2
ML,LEOS,2,2
ML,CH,2,2
ML,CCDS,2,2
ML,SN,2,2
LB,LEOS,2,2
LB,CH,2,2
LB,CCDS,2,2
LB,SN,2,2
LEOS,CH,2,2
LEOS,CCDS,2,2
LEOS,SN,2,2
CH,CCDS,2,2
CH,SN,2,2
CINEMASTRIKESBACK,AT,4,2
CINEMASTRIKESBACK,JR,4,2
CINEMASTRIKESBACK,MARS,4,2
CINEMASTRIKESBACK,TB,4,2
AT,JR,2,2
AT,MARS,2,2
AT,TB,2,2
JR,MARS,2,2
JR,TB,2,2
MARS,TB,2,2
KURZGESAGT,VE,4,2
KURZGESAGT,LUKASS,4,2
VE,LUKASS,2,2
DERFALL,YA,4,2
DERFALL,MH,4,2
DERFALL,DANL,4,2
DERFALL,LH,4,2
DERFALL,KMJ,4,2
DERFALL,JELLR,4,2
DERFALL,MZ,4,2
DERFALL,IVD,4,2
DERFALL,SH,4,2
DERFALL,LV,4,2
DERFALL,NEMI,4,2
DERFALL,LYDB,4,2
DERFALL,XV,4,2
YA,MH,2,2
YA,DANL,2,2
YA,LH,2,2
YA,KMJ,2,2
YA,JELLR,2,2
YA,MZ,2,2
YA,IVD,2,2
YA,SH,2,2
YA,LV,2,2
YA,NEMI,2,2
YA,LYDB,2,2
YA,XV,2,2
MH,DANL,2,2
MH,LH,2,2
MH,KMJ,2,2
MH,JELLR,2,2
MH,MZ,2,2
MH,IVD,2,2
MH,SH,2,2
MH,LV,2,2
MH,NEMI,2,2
MH,LYDB,2,2
MH,XV,2,2
DANL,LH,2,2
DANL,KMJ,2,2
DANL,JELLR,2,2
DANL,MZ,2,2
DANL,IVD,2,2
DANL,SH,2,2
DANL,LV,2,2
DANL,NEMI,2,2
DANL,LYDB,2,2
DANL,XV,2,2
LH,KMJ,2,2
LH,JELLR,2,2
LH,MZ,2,2
LH,IVD,2,2
LH,SH,2,2
LH,LV,2,2
LH,NEMI,2,2
LH,LYDB,2,2
LH,XV,2,2
KMJ,JELLR,2,2
KMJ,MZ,2,2
KMJ,IVD,2,2
KMJ,SH,2,2
KMJ,LV,2,2
KMJ,NEMI,2,2
KMJ,LYDB,2,2
KMJ,XV,2,2
JELLR,MZ,2,2
JELLR,IVD,2,2
JELLR,SH,2,2
JELLR,LV,2,2
JELLR,NEMI,2,2
JELLR,LYDB,2,2
JELLR,XV,2,2
MZ,IVD,2,2
MZ,SH,2,2
MZ,LV,2,2
MZ,NEMI,2,2
MZ,LYDB,2,2
MZ,XV,2,2
IVD,SH,2,2
IVD,LV,2,2
IVD,NEMI,2,2
IVD,LYDB,2,2
IVD,XV,2,2
SH,LV,2,2
SH,NEMI,2,2
SH,LYDB,2,2
SH,XV,2,2
LV,NEMI,2,2
LV,LYDB,2,2
LV,XV,2,2
NEMI,LYDB,2,2
NEMI,XV,2,2
LYDB,XV,2,2
NBAOVERTIME,MALES,,2
NBAOVERTIME,MAS,4,2
NBAOVERTIME,GC,4,2
NBAOVERTIME,LOB,4,2
NBAOVERTIME,TORBB,4,2
MALES,MAS,2,2
MALES,GC,2,2
MALES,LOB,2,2
MALES,TORBB,2,2
MAS,GC,2,2
MAS,LOB,2,2
MAS,TORBB,2,2
GC,LOB,2,2
GC,TORBB,2,2
LOB,TORBB,2,2
SOMANYTABS,JL,4,2
SOMANYTABS,MAIB,4,2
SOMANYTABS,VB,4,2
SOMANYTABS,NV,4,2
SOMANYTABS,SARH,4,2
SOMANYTABS,SARK,4,2
SOMANYTABS,KARA,4,2
SOMANYTABS,AKD,4,2
JL,MAIB,2,2
JL,VB,2,2
JL,NV,2,2
JL,SARH,2,2
JL,SARK,2,2
JL,KARA,2,2
JL,AKD,2,2
MAIB,VB,2,2
MAIB,NV,2,2
MAIB,SARH,2,2
MAIB,SARK,2,2
MAIB,KARA,2,2
MAIB,AKD,2,2
VB,NV,2,2
VB,SARH,2,2
VB,SARK,2,2
VB,KARA,2,2
VB,AKD,2,2
NV,SARH,2,2
NV,SARK,2,2
NV,KARA,2,2
NV,AKD,2,2
SARH,SARK,2,2
SARH,KARA,2,2
SARH,AKD,2,2
SARK,KARA,2,2
SARK,AKD,2,2
KR,AKD,2,2
YKOLLEKTIVDERPODCAST,LK,4,2
YKOLLEKTIVDERPODCAST,MAB,4,2
YKOLLEKTIVDERPODCAST,JULR,4,2
LK,MAB,2,2
LK,JULR,2,2
MAB,JULR,2,2
LEEROYWILLSWISSEN,LEM,4,2
SOUNDSOF,RS,4,2
SOUNDSOF,HEB,4,2
SOUNDSOF,VO,4,2
SOUNDSOF,DH,4,2
SOUNDSOF,NI,4,2
RS,HEB,2,2
RS,VO,2,2
RS,DH,2,2
RS,NI,2,2
HEB,VO,2,2
HEB,DH,2,2
HEB,NI,2,2
VO,DH,2,2
VO,NI,2,2
NI,RS,2,2
PSYCHOLOGEEK,JM,4,2
PSYCHOLOGEEK,DG,4,2
PSYCHOLOGEEK,PK,4,2
JM,DG,2,2
JM,PK,2,2
DG,PK,2,2
DERBIOGRAPH,JH,4,2
DERBIOGRAPH,YS,4,2
DERBIOGRAPH,MM,4,2
JH,YS,2,2
JH,MM,2,2
YS,MM,2,2
MRWISSEN2GO,MD,4,2
MRWISSEN2GO,NS,4,2
MRWISSEN2GO,AK,4,2
MD,NS,2,2
MD,AK,2,2
NS,AK,2,2
MAILAB,MTNK,4,2
MAILAB,MG,4,2
MAILAB,LD,4,2
MAILAB,JF,4,2
MTNK,MG,2,2
MTNK,LD,2,2
MTNK,JF,2,2
MG,LD,2,2
MG,JF,2,2
LD,JF,2,2
KREUZVERHOER,NEMI,4,2
KREUZVERHOER,VR,4,2
KREUZVERHOER,JANSC,4,2
KREUZVERHOER,MD,4,2
NEMI,VR,2,2
NEMI,JANSC,2,2
NEMI,MD,2,2
VR,JANSC,2,2
VR,JANSC,2,2
JANSC,MD,2,2
DEUTSCHLAND3000,EVAS,4,2
DEUTSCHLAND3000,VR,4,2
DEUTSCHLAND3000,PLR,4,2
DEUTSCHLAND3000,NF,4,2
DEUTSCHLAND3000,DK,4,2
DEUTSCHLAND3000,JB,4,2
DEUTSCHLAND3000,DUYC,4,2
EVAS,VR,2,2
EVAS,PLR,2,2
EVAS,NF,2,2
EVAS,DK,2,2
EVAS,JB,2,2
EVAS,DUYC,2,2
VR,PLR,2,2
VR,NF,2,2
VR,DK,2,2
VR,JB,2,2
VR,DUYC,2,2
PLR,NF,2,2
PLR,DK,2,2
PLR,JB,2,2
PLR,DUYC,2,2
NF,DK,2,2
NF,JB,2,2
NF,DUYC,2,2
DK,JB,2,2
DK,DUYC,2,2
JB,DUYC,2,2
DEEPUNDDEUTLICH,MOTR,4,2
DEEPUNDDEUTLICH,TT,4,2
DEEPUNDDEUTLICH,LOISD,4,2
DEEPUNDDEUTLICH,CC,4,2
DEEPUNDDEUTLICH,MPS,4,2
DEEPUNDDEUTLICH,SF,4,2
DEEPUNDDEUTLICH,AW,4,2
DEEPUNDDEUTLICH,KV,4,2
MOTR,TT,2,2
MOTR,LOISD,2,2
MOTR,CC,2,2
MOTR,MPS,2,2
MOTR,SF,2,2
MOTR,AW,2,2
MOTR,KV,2,2
TT,LOISD,2,2
TT,CC,2,2
TT,MPS,2,2
TT,SF,2,2
TT,AW,2,2
TT,KV,2,2
LOISD,CC,2,2
LOISD,MPS,2,2
LOISD,SF,2,2
LOISD,AW,2,2
LOISD,KV,2,2
CC,MPS,2,2
CC,SF,2,2
CC,AW,2,2
CC,KV,2,2
MPS,SF,2,2
MPS,AW,2,2
MPS,KV,2,2
SF,AW,2,2
SF,KV,2,2
AW,KV,2,2
FOLLOWMEREPORTS,ROBB,4,2
FOLLOWMEREPORTS,HAK,4,2
FOLLOWMEREPORTS,AMINB,4,2
FOLLOWMEREPORTS,DPM,4,2
FOLLOWMEREPORTS,CK,4,2
FOLLOWMEREPORTS,FAMI,4,2
ROBB,HAK,2,2
ROBB,AMINB,2,2
ROBB,DPM,2,2
ROBB,CK,2,2
ROBB,FAMI,2,2
HAK,AMINB,2,2
HAK,DPM,2,2
HAK,CK,2,2
HAK,FAMI,2,2
AMINB,DPM,2,2
AMINB,CK,2,2
AMINB,FAMI,2,2
DPM,CK,2,2
DPM,FAMI,2,2
CK,FAMI,2,2
DEUTSCHLAND3000PODCAST,EVAS,4,2
POCKETMONEY,TC,4,2
POCKETMONEY,DR,4,2
POCKETMONEY,CD,4,2
POCKETMONEY,MS,4,2
POCKETMONEY,DO,4,2
POCKETMONEY,CATK,4,2
POCKETMONEY,FK,4,2
POCKETMONEY,LUKASS,4,2
TC,DR,2,2
TC,CD,2,2
TC,MS,2,2
TC,DO,2,2
TC,CATK,2,2
TC,FK,2,2
TC,LUKASS,2,2
DR,CD,2,2
DR,MS,2,2
DR,DO,2,2
DR,CATK,2,2
DR,FK,2,2
DR,LUKASS,2,2
CD,MS,2,2
CD,DO,2,2
CD,CATK,2,2
CD,FK,2,2
CD,LUKASS,2,2
MS,DO,2,2
MS,CATK,2,2
MS,FK,2,2
MS,LUKASS,2,2
DO,CATK,2,2
DO,FK,2,2
DO,LUKASS,2,2
CATK,FK,2,2
CATK,LUKASS,2,2
FK,LUKASS,2,2
MRWISSENTOGOG,MD,4,2
MRWISSENTOGOG,NV,4,2
MRWISSENTOGOG,JOHKAA,4,2
MRWISSENTOGOG,KJ,4,2
MRWISSENTOGOG,FRAP,4,2
MD,NV,2,2
MD,JOHKAA,2,2
MD,KJ,2,2
MD,FRAP,2,2
NV,JOHKAA,2,2
NV,KJ,2,2
NV,FRAP,2,2
JOHKAA,KJ,2,2
JOHKAA,FRAP,2,2
KJ,FRAP,2,2
DIEDAOBEN,JANSC,4,2
DIEDAOBEN,ALINAB,4,2
DIEDAOBEN,LEOBR,4,2
JANSC,ALINAB,2,2
JANSC,LEOBR,2,2
ALINAB,LEOBR,2,2
MORDLUST,PAUKR,4,2
MORDLUST,LAUWO,4,2
MORDLUST,CLESC,4,2
PAUKR,LAUWO,4,2
PAUKR,CLESC,4,2
LAUWO,CLESC,4,2
OFFENUNEHRLICH,KS,4,2
OFFENUNEHRLICH,RH,4,2
OFFENUNEHRLICH,MARLES,4,2
KS,RH,2,2
KS,MARLES,2,2
RH,MARLES,2,2
GAMETWO,SIMK,4,2
GAMETWO,DB,4,2
GAMETWO,NB,4,2
GAMETWO,EG,4,2
GAMETWO,LT,4,2
GAMETWO,SOFK,4,2
GAMETWO,MK,4,2
GAMETWO,SARAK,4,2
GAMETWO,CG,4,2
GAMETWO,MJ,4,2
GAMETWO,CM,4,2
GAMETWO,CHRK,4,2
GAMETWO,JANH,4,2
SIMK,DB,2,2
SIMK,NB,2,2
SIMK,EG,2,2
SIMK,LT,2,2
SIMK,SOFK,2,2
SIMK,MK,2,2
SIMK,SARAK,2,2
SIMK,CG,2,2
SIMK,MJ,2,2
SIMK,CM,2,2
SIMK,CHRK,2,2
SIMK,JANH,2,2
DB,NB,2,2
DB,EG,2,2
DB,LT,2,2
DB,SOFK,2,2
DB,MK,2,2
DB,SARAK,2,2
DB,CG,2,2
DB,MJ,2,2
DB,CM,2,2
DB,CHRK,2,2
DB,JANH,2,2
NB,EG,2,2
NB,LT,2,2
NB,SOFK,2,2
NB,MK,2,2
NB,SARAK,2,2
NB,CG,2,2
NB,MJ,2,2
NB,CM,2,2
NB,CHRK,2,2
NB,JANH,2,2
EG,LT,2,2
EG,SOFK,2,2
EG,MK,2,2
EG,SARAK,2,2
EG,CG,2,2
EG,MJ,2,2
EG,CM,2,2
EG,CHRK,2,2
EG,JANH,2,2
LT,SOFK,2,2
LT,MK,2,2
LT,SARAK,2,2
LT,CG,2,2
LT,MJ,2,2
LT,CM,2,2
LT,CHRK,2,2
LT,JANH,2,2
SOFK,MK,2,2
SOFK,SARAK,2,2
SOFK,CG,2,2
SOFK,MJ,2,2
SOFK,CM,2,2
SOFK,CHRK,2,2
SOFK,JANH,2,2
MK,SARAK,2,2
MK,CG,2,2
MK,MJ,2,2
MK,CM,2,2
MK,CHRK,2,2
MK,JANH,2,2
SARAK,CG,2,2
SARAK,MJ,2,2
SARAK,CM,2,2
SARAK,CHRK,2,2
CG,MJ,2,2
CG,CM,2,2
CG,CHRK,2,2
MJ,CM,2,2
MJ,CHRK,2,2
CM,CHRK,2,2
DIEFRAGE,FRSE,4,2
DIEFRAGE,LSS,4,2
DIEFRAGE,PATRA,4,2
DIEFRAGE,FMH,4,2
DIEFRAGE,SAMIS,4,2
DIEFRAGE,MB,4,2
DIEFRAGE,TF,4,2
FRSE,LSS,2,2
FRSE,PATRA,2,2
FRSE,FMH,2,2
FRSE,SAMIS,2,2
FRSE,MB,2,2
FRSE,TF,2,2
LSS,PATRA,2,2
LSS,FMH,2,2
LSS,SAMIS,2,2
LSS,MB,2,2
LSS,TF,2,2
PATRA,FMH,2,2
PATRA,SAMIS,2,2
PATRA,MB,2,2
PATRA,TF,2,2
FMH,SAMIS,2,2
FMH,MB,2,2
FMH,TF,2,2
SAMIS,MB,2,2
SAMIS,TF,2,2
MB,TF,2,2
AUFKLO,SAS,4,2
AUFKLO,LSL,4,2
AUFKLO,MARIP,4,2
AUFKLO,LIB,4,2
AUFKLO,AKC,4,2
AUFKLO,MARIEK,4,2
AUFKLO,IIK,4,2
AUFKLO,NOURK,4,2
AUFKLO,KK,4,2
AUFKLO,DM,4,2
AUFKLO,LYM,4,2
AUFKLO,MILS,4,2
AUFKLO,HPTT,4,2
SAS,LSL,2,2
SAS,MARIP,2,2
SAS,LIB,2,2
SAS,AKC,2,2
SAS,MARIEK,2,2
SAS,IIK,2,2
SAS,NOURK,2,2
SAS,KK,2,2
SAS,DM,2,2
SAS,LYM,2,2
SAS,MILS,2,2
SAS,HPTT,2,2
LSL,MARIP,2,2
LSL,LIB,2,2
LSL,AKC,2,2
LSL,MARIEK,2,2
LSL,IIK,2,2
LSL,NOURK,2,2
LSL,KK,2,2
LSL,DM,2,2
LSL,LYM,2,2
LSL,MILS,2,2
LSL,HPTT,2,2
MARIP,LIB,2,2
MARIP,AKC,2,2
MARIP,MARIEK,2,2
MARIP,IIK,2,2
MARIP,NOURK,2,2
MARIP,KK,2,2
MARIP,DM,2,2
MARIP,LYM,2,2
MARIP,MILS,2,2
MARIP,HPTT,2,2
LIB,AKC,2,2
LIB,MARIEK,2,2
LIB,IIK,2,2
LIB,NOURK,2,2
LIB,KK,2,2
LIB,DM,2,2
LIB,LYM,2,2
LIB,MILS,2,2
LIB,HPTT,2,2
AKC,MARIEK,2,2
AKC,IIK,2,2
AKC,NOURK,2,2
AKC,KK,2,2
AKC,DM,2,2
AKC,LYM,2,2
AKC,MILS,2,2
AKC,HPTT,2,2
MARIEK,IIK,2,2
MARIEK,NOURK,2,2
MARIEK,KK,2,2
MARIEK,DM,2,2
MARIEK,LYM,2,2
MARIEK,MILS,2,2
MARIEK,HPTT,2,2
IIK,NOURK,2,2
IIK,KK,2,2
IIK,DM,2,2
IIK,LYM,2,2
IIK,MILS,2,2
IIK,HPTT,2,2
NOURK,KK,2,2
NOURK,DM,2,2
NOURK,LYM,2,2
NOURK,MILS,2,2
NOURK,HPTT,2,2
KK,DM,2,2
KK,LYM,2,2
KK,MILS,2,2
KK,HPTT,2,2
DM,LYM,2,2
DM,MILS,2,2
DM,HPTT,2,2
LYM,MILS,2,2
LYM,HPTT,2,2
MILS,HPTT,2,2
MANUTHIELE,MANUTH,4,2
MANUTHIELE,CS,4,2
MANUTHIELE,FABSW,4,2
MANUTH,CS,2,2
MANUTH,FABSW,2,2
CS,FABSW,2,2
KANACKISCHEWELLE,MELOH,4,2
KANACKISCHEWELLE,MARAB,4,2
MELOH,MARAB,2,2
MAEDELSABENDE,ANGBO,2,2
MAEDELSABENDE,CLADE,2,2
MAEDELSABENDE,FARSCH,2,2
MAEDELSABENDE,MARLS,2,2
MAEDELSABENDE,LISBR,2,2
MAEDELSABENDE,ANNBE,2,2
MAEDELSABENDE,KAVO,2,2
MAEDELSABENDE,SEDDE,2,2
ANGBO,CLADE,2,2
ANGBO,FARSCH,2,2
ANGBO,MARLS,2,2
ANGBO,LISBR,2,2
ANGBO,ANNBE,2,2
ANGBO,KAVO,2,2
ANGBO,SEDDE,2,2
CLADE,FARSCH,2,2
CLADE,MARLS,2,2
CLADE,LISBR,2,2
CLADE,ANNBE,2,2
CLADE,KAVO,2,2
CLADE,SEDDE,2,2
FARSCH,MARLS,2,2
FARSCH,LISBR,2,2
FARSCH,ANNBE,2,2
FARSCH,KAVO,2,2
FARSCH,SEDDE,2,2
FARSCH,MARLS,2,2
MARLS,LISBR,2,2
MARLS,ANNBE,2,2
MARLS,KAVO,2,2
MARLS,SEDDE,2,2
MARLS,MARLS,2,2
LISBR,ANNBE,2,2
LISBR,KAVO,2,2
LISBR,SEDDE,2,2
MARLS,ANNBE,2,2
MARLS,KAVO,2,2
MARLS,SEDDE,2,2
ANNBE,KAVO,2,2
ANNBE,SEDDE,2,2
KAVO,SEDDE,2,2
REPORTER,TG,4,2
REPORTER,SVENJK,4,2
REPORTER,MAHUM,4,2
REPORTER,AVD,4,2
REPORTER,FATT,4,2
REPORTER,PHW,4,2
TG,SVENJK,2,2
TG,MAHUM,2,2
TG,AVD,2,2
TG,FATT,2,2
TG,PHW,2,2
SVENJK,MAHUM,2,2
SVENJK,AVD,2,2
SVENJK,FATT,2,2
SVENJK,PHW,2,2
MAHUM,AVD,2,2
MAHUM,FATT,2,2
MAHUM,PHW,2,2
AVD,FATT,2,2
AVD,PHW,2,2
FATT,PHW,2,2
YKOLLEKTIV,CHRISTIP,4,2
YKOLLEKTIV,DENNLEI,4,2
YKOLLEKTIV,MANUMOE,4,2
YKOLLEKTIV,LEASEMEN,4,2
YKOLLEKTIV,GUELOEL,4,2
YKOLLEKTIV,ALSCHULZ,4,2
YKOLLEKTIV,JOGRA,4,2
CHRISTIP,DENNLEI,2,2
CHRISTIP,MANUMOE,2,2
CHRISTIP,LEASEMEN,2,2
CHRISTIP,GUELOEL,2,2
CHRISTIP,ALSCHULZ,2,2
CHRISTIP,JOGRA,2,2
DENNLEI,MANUMOE,2,2
DENNLEI,LEASEMEN,2,2
DENNLEI,GUELOEL,2,2
DENNLEI,ALSCHULZ,2,2
DENNLEI,JOGRA,2,2
MANUMOE,LEASEMEN,2,2
MANUMOE,GUELOEL,2,2
MANUMOE,ALSCHULZ,2,2
MANUMOE,JOGRA,2,2
LEASEMEN,GUELOEL,2,2
LEASEMEN,ALSCHULZ,2,2
LEASEMEN,JOGRA,2,2
GUELOEL,ALSCHULZ,2,2
GUELOEL,JOGRA,2,2
ALSCHULZ,JOGRA,2,2
STRGF,DIESCHI,4,2
STRGF,LUACK,4,2
STRGF,CHABOGO,4,2
STRGF,ANNAORTH,4,2
STRGF,SAZA,4,2
STRGF,JAHEWIE,4,2
STRGF,ZITZEN,4,2
STRGF,ISASTR,4,2
STRGF,CHRISAL,4,2
STRGF,LISHA,4,2
STRGF,MANDAU,4,2
STRGF,CARRE,4,2
STRGF,INGMA,4,2
STRGF,ARMGH,4,2
STRGF,JULFEL,4,2
STRGF,AIABSA,4,2
STRGF,ESOE,4,2
STRGF,TISE,4,2
STRGF,JOGO,4,2
STRGF,MIRS,4,2
STRGF,SUTA,4,2
STRGF,PHHE,4,2
STRGF,JSC,4,2
STRGF,NAK,4,2
STRGF,SVE,4,2
STRGF,CARSC,4,2
STRGF,HAPA,4,2
STRGF,TOZW,4,2
STRGF,SEH,4,2
STRGF,TIRO,4,2
STRGF,KR,4,2
STRGF,SP,4,2
STRGF,FM,4,2
STRGF,MA,4,2
STRGF,PASCHLO,4,2
STRGF,SIHO,4,2
STRGF,GUKRU,4,2
STRGF,BIWÄ,4,2
STRGF,ALEJA,4,2
STRGF,PIALE,4,2
STRGF,ALEBI,4,2
STRGF,NISE,4,2
STRGF,ABP,4,2
STRGF,MN,4,2
STRGF,DMF,4,2
STRGF,ESG,4,2
STRGF,FG,4,2
DIESCHI,LUACK,2,2
DIESCHI,CHABOGO,2,2
DIESCHI,ANNAORTH,2,2
DIESCHI,SAZA,2,2
DIESCHI,JAHEWIE,2,2
DIESCHI,ZITZEN,2,2
DIESCHI,ISASTR,2,2
DIESCHI,CHRISAL,2,2
DIESCHI,LISHA,2,2
DIESCHI,MANDAU,2,2
DIESCHI,CARRE,2,2
DIESCHI,INGMA,2,2
DIESCHI,ARMGH,2,2
DIESCHI,JULFEL,2,2
DIESCHI,AIABSA,2,2
DIESCHI,ESOE,2,2
DIESCHI,TISE,2,2
DIESCHI,JOGO,2,2
DIESCHI,MIRS,2,2
DIESCHI,SUTA,2,2
DIESCHI,PHHE,2,2
DIESCHI,JSC,2,2
DIESCHI,NAK,2,2
DIESCHI,SVE,2,2
DIESCHI,CARSC,2,2
DIESCHI,HAPA,2,2
DIESCHI,TOZW,2,2
DIESCHI,SEH,2,2
DIESCHI,TIRO,2,2
DIESCHI,KR,2,2
DIESCHI,SP,2,2
DIESCHI,FM,2,2
DIESCHI,MA,2,2
DIESCHI,PASCHLO,2,2
DIESCHI,SIHO,2,2
DIESCHI,GUKRU,2,2
DIESCHI,BIWÄ,2,2
DIESCHI,ALEJA,2,2
DIESCHI,PIALE,2,2
DIESCHI,ALEBI,2,2
DIESCHI,NISE,2,2
DIESCHI,ABP,2,2
DIESCHI,MN,2,2
DIESCHI,DMF,2,2
DIESCHI,ESG,2,2
DIESCHI,FG,2,2
LUACK,CHABOGO,2,2
LUACK,ANNAORTH,2,2
LUACK,SAZA,2,2
LUACK,JAHEWIE,2,2
LUACK,ZITZEN,2,2
LUACK,ISASTR,2,2
LUACK,CHRISAL,2,2
LUACK,LISHA,2,2
LUACK,MANDAU,2,2
LUACK,CARRE,2,2
LUACK,INGMA,2,2
LUACK,ARMGH,2,2
LUACK,JULFEL,2,2
LUACK,AIABSA,2,2
LUACK,ESOE,2,2
LUACK,TISE,2,2
LUACK,JOGO,2,2
LUACK,MIRS,2,2
LUACK,SUTA,2,2
LUACK,PHHE,2,2
LUACK,JSC,2,2
LUACK,NAK,2,2
LUACK,SVE,2,2
LUACK,CARSC,2,2
LUACK,HAPA,2,2
LUACK,TOZW,2,2
LUACK,SEH,2,2
LUACK,TIRO,2,2
LUACK,KR,2,2
LUACK,SP,2,2
LUACK,FM,2,2
LUACK,MA,2,2
LUACK,PASCHLO,2,2
LUACK,SIHO,2,2
LUACK,GUKRU,2,2
LUACK,BIWÄ,2,2
LUACK,ALEJA,2,2
LUACK,PIALE,2,2
LUACK,ALEBI,2,2
LUACK,NISE,2,2
LUACK,ABP,2,2
LUACK,MN,2,2
LUACK,DMF,2,2
LUACK,ESG,2,2
LUACK,FG,2,2
CHABOGO,ANNAORTH,2,2
CHABOGO,SAZA,2,2
CHABOGO,JAHEWIE,2,2
CHABOGO,ZITZEN,2,2
CHABOGO,ISASTR,2,2
CHABOGO,CHRISAL,2,2
CHABOGO,LISHA,2,2
CHABOGO,MANDAU,2,2
CHABOGO,CARRE,2,2
CHABOGO,INGMA,2,2
CHABOGO,ARMGH,2,2
CHABOGO,JULFEL,2,2
CHABOGO,AIABSA,2,2
CHABOGO,ESOE,2,2
CHABOGO,TISE,2,2
CHABOGO,JOGO,2,2
CHABOGO,MIRS,2,2
CHABOGO,SUTA,2,2
CHABOGO,PHHE,2,2
CHABOGO,JSC,2,2
CHABOGO,NAK,2,2
CHABOGO,SVE,2,2
CHABOGO,CARSC,2,2
CHABOGO,HAPA,2,2
CHABOGO,TOZW,2,2
CHABOGO,SEH,2,2
CHABOGO,TIRO,2,2
CHABOGO,KR,2,2
CHABOGO,SP,2,2
CHABOGO,FM,2,2
CHABOGO,MA,2,2
CHABOGO,PASCHLO,2,2
CHABOGO,SIHO,2,2
CHABOGO,GUKRU,2,2
CHABOGO,BIWÄ,2,2
CHABOGO,ALEJA,2,2
CHABOGO,PIALE,2,2
CHABOGO,ALEBI,2,2
CHABOGO,NISE,2,2
CHABOGO,ABP,2,2
CHABOGO,MN,2,2
CHABOGO,DMF,2,2
CHABOGO,ESG,2,2
CHABOGO,FG,2,2
ANNAORTH,SAZA,2,2
ANNAORTH,JAHEWIE,2,2
ANNAORTH,ZITZEN,2,2
ANNAORTH,ISASTR,2,2
ANNAORTH,CHRISAL,2,2
ANNAORTH,LISHA,2,2
ANNAORTH,MANDAU,2,2
ANNAORTH,CARRE,2,2
ANNAORTH,INGMA,2,2
ANNAORTH,ARMGH,2,2
ANNAORTH,JULFEL,2,2
ANNAORTH,AIABSA,2,2
ANNAORTH,ESOE,2,2
ANNAORTH,TISE,2,2
ANNAORTH,JOGO,2,2
ANNAORTH,MIRS,2,2
ANNAORTH,SUTA,2,2
ANNAORTH,PHHE,2,2
ANNAORTH,JSC,2,2
ANNAORTH,NAK,2,2
ANNAORTH,SVE,2,2
ANNAORTH,CARSC,2,2
ANNAORTH,HAPA,2,2
ANNAORTH,TOZW,2,2
ANNAORTH,SEH,2,2
ANNAORTH,TIRO,2,2
ANNAORTH,KR,2,2
ANNAORTH,SP,2,2
ANNAORTH,FM,2,2
ANNAORTH,MA,2,2
ANNAORTH,PASCHLO,2,2
ANNAORTH,SIHO,2,2
ANNAORTH,GUKRU,2,2
ANNAORTH,BIWÄ,2,2
ANNAORTH,ALEJA,2,2
ANNAORTH,PIALE,2,2
ANNAORTH,ALEBI,2,2
ANNAORTH,NISE,2,2
ANNAORTH,ABP,2,2
ANNAORTH,MN,2,2
ANNAORTH,DMF,2,2
ANNAORTH,ESG,2,2
ANNAORTH,FG,2,2
SAZA,JAHEWIE,2,2
SAZA,ZITZEN,2,2
SAZA,ISASTR,2,2
SAZA,CHRISAL,2,2
SAZA,LISHA,2,2
SAZA,MANDAU,2,2
SAZA,CARRE,2,2
SAZA,INGMA,2,2
SAZA,ARMGH,2,2
SAZA,JULFEL,2,2
SAZA,AIABSA,2,2
SAZA,ESOE,2,2
SAZA,TISE,2,2
SAZA,JOGO,2,2
SAZA,MIRS,2,2
SAZA,SUTA,2,2
SAZA,PHHE,2,2
SAZA,JSC,2,2
SAZA,NAK,2,2
SAZA,SVE,2,2
SAZA,CARSC,2,2
SAZA,HAPA,2,2
SAZA,TOZW,2,2
SAZA,SEH,2,2
SAZA,TIRO,2,2
SAZA,KR,2,2
SAZA,SP,2,2
SAZA,FM,2,2
SAZA,MA,2,2
SAZA,PASCHLO,2,2
SAZA,SIHO,2,2
SAZA,GUKRU,2,2
SAZA,BIWÄ,2,2
SAZA,ALEJA,2,2
SAZA,PIALE,2,2
SAZA,ALEBI,2,2
SAZA,NISE,2,2
SAZA,ABP,2,2
SAZA,MN,2,2
SAZA,DMF,2,2
SAZA,ESG,2,2
SAZA,FG,2,2
JAHEWIE,ZITZEN,2,2
JAHEWIE,ISASTR,2,2
JAHEWIE,CHRISAL,2,2
JAHEWIE,LISHA,2,2
JAHEWIE,MANDAU,2,2
JAHEWIE,CARRE,2,2
JAHEWIE,INGMA,2,2
JAHEWIE,ARMGH,2,2
JAHEWIE,JULFEL,2,2
JAHEWIE,AIABSA,2,2
JAHEWIE,ESOE,2,2
JAHEWIE,TISE,2,2
JAHEWIE,JOGO,2,2
JAHEWIE,MIRS,2,2
JAHEWIE,SUTA,2,2
JAHEWIE,PHHE,2,2
JAHEWIE,JSC,2,2
JAHEWIE,NAK,2,2
JAHEWIE,SVE,2,2
JAHEWIE,CARSC,2,2
JAHEWIE,HAPA,2,2
JAHEWIE,TOZW,2,2
JAHEWIE,SEH,2,2
JAHEWIE,TIRO,2,2
JAHEWIE,KR,2,2
JAHEWIE,SP,2,2
JAHEWIE,FM,2,2
JAHEWIE,MA,2,2
JAHEWIE,PASCHLO,2,2
JAHEWIE,SIHO,2,2
JAHEWIE,GUKRU,2,2
JAHEWIE,BIWÄ,2,2
JAHEWIE,ALEJA,2,2
JAHEWIE,PIALE,2,2
JAHEWIE,ALEBI,2,2
JAHEWIE,NISE,2,2
JAHEWIE,ABP,2,2
JAHEWIE,MN,2,2
JAHEWIE,DMF,2,2
JAHEWIE,ESG,2,2
JAHEWIE,FG,2,2
ZITZEN,ISASTR,2,2
ZITZEN,CHRISAL,2,2
ZITZEN,LISHA,2,2
ZITZEN,MANDAU,2,2
ZITZEN,CARRE,2,2
ZITZEN,INGMA,2,2
ZITZEN,ARMGH,2,2
ZITZEN,JULFEL,2,2
ZITZEN,AIABSA,2,2
ZITZEN,ESOE,2,2
ZITZEN,TISE,2,2
ZITZEN,JOGO,2,2
ZITZEN,MIRS,2,2
ZITZEN,SUTA,2,2
ZITZEN,PHHE,2,2
ZITZEN,JSC,2,2
ZITZEN,NAK,2,2
ZITZEN,SVE,2,2
ZITZEN,CARSC,2,2
ZITZEN,HAPA,2,2
ZITZEN,TOZW,2,2
ZITZEN,SEH,2,2
ZITZEN,TIRO,2,2
ZITZEN,KR,2,2
ZITZEN,SP,2,2
ZITZEN,FM,2,2
ZITZEN,MA,2,2
ZITZEN,PASCHLO,2,2
ZITZEN,SIHO,2,2
ZITZEN,GUKRU,2,2
ZITZEN,BIWÄ,2,2
ZITZEN,ALEJA,2,2
ZITZEN,PIALE,2,2
ZITZEN,ALEBI,2,2
ZITZEN,NISE,2,2
ZITZEN,ABP,2,2
ZITZEN,MN,2,2
ZITZEN,DMF,2,2
ZITZEN,ESG,2,2
ZITZEN,FG,2,2
ISASTR,CHRISAL,2,2
ISASTR,LISHA,2,2
ISASTR,MANDAU,2,2
ISASTR,CARRE,2,2
ISASTR,INGMA,2,2
ISASTR,ARMGH,2,2
ISASTR,JULFEL,2,2
ISASTR,AIABSA,2,2
ISASTR,ESOE,2,2
ISASTR,TISE,2,2
ISASTR,JOGO,2,2
ISASTR,MIRS,2,2
ISASTR,SUTA,2,2
ISASTR,PHHE,2,2
ISASTR,JSC,2,2
ISASTR,NAK,2,2
ISASTR,SVE,2,2
ISASTR,CARSC,2,2
ISASTR,HAPA,2,2
ISASTR,TOZW,2,2
ISASTR,SEH,2,2
ISASTR,TIRO,2,2
ISASTR,KR,2,2
ISASTR,SP,2,2
ISASTR,FM,2,2
ISASTR,MA,2,2
ISASTR,PASCHLO,2,2
ISASTR,SIHO,2,2
ISASTR,GUKRU,2,2
ISASTR,BIWÄ,2,2
ISASTR,ALEJA,2,2
ISASTR,PIALE,2,2
ISASTR,ALEBI,2,2
ISASTR,NISE,2,2
ISASTR,ABP,2,2
ISASTR,MN,2,2
ISASTR,DMF,2,2
ISASTR,ESG,2,2
ISASTR,FG,2,2
CHRISAL,LISHA,2,2
CHRISAL,MANDAU,2,2
CHRISAL,CARRE,2,2
CHRISAL,INGMA,2,2
CHRISAL,ARMGH,2,2
CHRISAL,JULFEL,2,2
CHRISAL,AIABSA,2,2
CHRISAL,ESOE,2,2
CHRISAL,TISE,2,2
CHRISAL,JOGO,2,2
CHRISAL,MIRS,2,2
CHRISAL,SUTA,2,2
CHRISAL,PHHE,2,2
CHRISAL,JSC,2,2
CHRISAL,NAK,2,2
CHRISAL,SVE,2,2
CHRISAL,CARSC,2,2
CHRISAL,HAPA,2,2
CHRISAL,TOZW,2,2
CHRISAL,SEH,2,2
CHRISAL,TIRO,2,2
CHRISAL,KR,2,2
CHRISAL,SP,2,2
CHRISAL,FM,2,2
CHRISAL,MA,2,2
CHRISAL,PASCHLO,2,2
CHRISAL,SIHO,2,2
CHRISAL,GUKRU,2,2
CHRISAL,BIWÄ,2,2
CHRISAL,ALEJA,2,2
CHRISAL,PIALE,2,2
CHRISAL,ALEBI,2,2
CHRISAL,NISE,2,2
CHRISAL,ABP,2,2
CHRISAL,MN,2,2
CHRISAL,DMF,2,2
CHRISAL,ESG,2,2
CHRISAL,FG,2,2
LISHA,MANDAU,2,2
LISHA,CARRE,2,2
LISHA,INGMA,2,2
LISHA,ARMGH,2,2
LISHA,JULFEL,2,2
LISHA,AIABSA,2,2
LISHA,ESOE,2,2
LISHA,TISE,2,2
LISHA,JOGO,2,2
LISHA,MIRS,2,2
LISHA,SUTA,2,2
LISHA,PHHE,2,2
LISHA,JSC,2,2
LISHA,NAK,2,2
LISHA,SVE,2,2
LISHA,CARSC,2,2
LISHA,HAPA,2,2
LISHA,TOZW,2,2
LISHA,SEH,2,2
LISHA,TIRO,2,2
LISHA,KR,2,2
LISHA,SP,2,2
LISHA,FM,2,2
LISHA,MA,2,2
LISHA,PASCHLO,2,2
LISHA,SIHO,2,2
LISHA,GUKRU,2,2
LISHA,BIWÄ,2,2
LISHA,ALEJA,2,2
LISHA,PIALE,2,2
LISHA,ALEBI,2,2
LISHA,NISE,2,2
LISHA,ABP,2,2
LISHA,MN,2,2
LISHA,DMF,2,2
LISHA,ESG,2,2
LISHA,FG,2,2
MANDAU,CARRE,2,2
MANDAU,INGMA,2,2
MANDAU,ARMGH,2,2
MANDAU,JULFEL,2,2
MANDAU,AIABSA,2,2
MANDAU,ESOE,2,2
MANDAU,TISE,2,2
MANDAU,JOGO,2,2
MANDAU,MIRS,2,2
MANDAU,SUTA,2,2
MANDAU,PHHE,2,2
MANDAU,JSC,2,2
MANDAU,NAK,2,2
MANDAU,SVE,2,2
MANDAU,CARSC,2,2
MANDAU,HAPA,2,2
MANDAU,TOZW,2,2
MANDAU,SEH,2,2
MANDAU,TIRO,2,2
MANDAU,KR,2,2
MANDAU,SP,2,2
MANDAU,FM,2,2
MANDAU,MA,2,2
MANDAU,PASCHLO,2,2
MANDAU,SIHO,2,2
MANDAU,GUKRU,2,2
MANDAU,BIWÄ,2,2
MANDAU,ALEJA,2,2
MANDAU,PIALE,2,2
MANDAU,ALEBI,2,2
MANDAU,NISE,2,2
MANDAU,ABP,2,2
MANDAU,MN,2,2
MANDAU,DMF,2,2
MANDAU,ESG,2,2
MANDAU,FG,2,2
CARRE,INGMA,2,2
CARRE,ARMGH,2,2
CARRE,JULFEL,2,2
CARRE,AIABSA,2,2
CARRE,ESOE,2,2
CARRE,TISE,2,2
CARRE,JOGO,2,2
CARRE,MIRS,2,2
CARRE,SUTA,2,2
CARRE,PHHE,2,2
CARRE,JSC,2,2
CARRE,NAK,2,2
CARRE,SVE,2,2
CARRE,CARSC,2,2
CARRE,HAPA,2,2
CARRE,TOZW,2,2
CARRE,SEH,2,2
CARRE,TIRO,2,2
CARRE,KR,2,2
CARRE,SP,2,2
CARRE,FM,2,2
CARRE,MA,2,2
CARRE,PASCHLO,2,2
CARRE,SIHO,2,2
CARRE,GUKRU,2,2
CARRE,BIWÄ,2,2
CARRE,ALEJA,2,2
CARRE,PIALE,2,2
CARRE,ALEBI,2,2
CARRE,NISE,2,2
CARRE,ABP,2,2
CARRE,MN,2,2
CARRE,DMF,2,2
CARRE,ESG,2,2
CARRE,FG,2,2
INGMA,ARMGH,2,2
INGMA,JULFEL,2,2
INGMA,AIABSA,2,2
INGMA,ESOE,2,2
INGMA,TISE,2,2
INGMA,JOGO,2,2
INGMA,MIRS,2,2
INGMA,SUTA,2,2
INGMA,PHHE,2,2
INGMA,JSC,2,2
INGMA,NAK,2,2
INGMA,SVE,2,2
INGMA,CARSC,2,2
INGMA,HAPA,2,2
INGMA,TOZW,2,2
INGMA,SEH,2,2
INGMA,TIRO,2,2
INGMA,KR,2,2
INGMA,SP,2,2
INGMA,FM,2,2
INGMA,MA,2,2
INGMA,PASCHLO,2,2
INGMA,SIHO,2,2
INGMA,GUKRU,2,2
INGMA,BIWÄ,2,2
INGMA,ALEJA,2,2
INGMA,PIALE,2,2
INGMA,ALEBI,2,2
INGMA,NISE,2,2
INGMA,ABP,2,2
INGMA,MN,2,2
INGMA,DMF,2,2
INGMA,ESG,2,2
INGMA,FG,2,2
ARMGH,JULFEL,2,2
ARMGH,AIABSA,2,2
ARMGH,ESOE,2,2
ARMGH,TISE,2,2
ARMGH,JOGO,2,2
ARMGH,MIRS,2,2
ARMGH,SUTA,2,2
ARMGH,PHHE,2,2
ARMGH,JSC,2,2
ARMGH,NAK,2,2
ARMGH,SVE,2,2
ARMGH,CARSC,2,2
ARMGH,HAPA,2,2
ARMGH,TOZW,2,2
ARMGH,SEH,2,2
ARMGH,TIRO,2,2
ARMGH,KR,2,2
ARMGH,SP,2,2
ARMGH,FM,2,2
ARMGH,MA,2,2
ARMGH,PASCHLO,2,2
ARMGH,SIHO,2,2
ARMGH,GUKRU,2,2
ARMGH,BIWÄ,2,2
ARMGH,ALEJA,2,2
ARMGH,PIALE,2,2
ARMGH,ALEBI,2,2
ARMGH,NISE,2,2
ARMGH,ABP,2,2
ARMGH,MN,2,2
ARMGH,DMF,2,2
ARMGH,ESG,2,2
ARMGH,FG,2,2
JULFEL,AIABSA,2,2
JULFEL,ESOE,2,2
JULFEL,TISE,2,2
JULFEL,JOGO,2,2
JULFEL,MIRS,2,2
JULFEL,SUTA,2,2
JULFEL,PHHE,2,2
JULFEL,JSC,2,2
JULFEL,NAK,2,2
JULFEL,SVE,2,2
JULFEL,CARSC,2,2
JULFEL,HAPA,2,2
JULFEL,TOZW,2,2
JULFEL,SEH,2,2
JULFEL,TIRO,2,2
JULFEL,KR,2,2
JULFEL,SP,2,2
JULFEL,FM,2,2
JULFEL,MA,2,2
JULFEL,PASCHLO,2,2
JULFEL,SIHO,2,2
JULFEL,GUKRU,2,2
JULFEL,BIWÄ,2,2
JULFEL,ALEJA,2,2
JULFEL,PIALE,2,2
JULFEL,ALEBI,2,2
JULFEL,NISE,2,2
JULFEL,ABP,2,2
JULFEL,MN,2,2
JULFEL,DMF,2,2
JULFEL,ESG,2,2
JULFEL,FG,2,2
AIABSA,ESOE,2,2
AIABSA,TISE,2,2
AIABSA,JOGO,2,2
AIABSA,MIRS,2,2
AIABSA,SUTA,2,2
AIABSA,PHHE,2,2
AIABSA,JSC,2,2
AIABSA,NAK,2,2
AIABSA,SVE,2,2
AIABSA,CARSC,2,2
AIABSA,HAPA,2,2
AIABSA,TOZW,2,2
AIABSA,SEH,2,2
AIABSA,TIRO,2,2
AIABSA,KR,2,2
AIABSA,SP,2,2
AIABSA,FM,2,2
AIABSA,MA,2,2
AIABSA,PASCHLO,2,2
AIABSA,SIHO,2,2
AIABSA,GUKRU,2,2
AIABSA,BIWÄ,2,2
AIABSA,ALEJA,2,2
AIABSA,PIALE,2,2
AIABSA,ALEBI,2,2
AIABSA,NISE,2,2
AIABSA,ABP,2,2
AIABSA,MN,2,2
AIABSA,DMF,2,2
AIABSA,ESG,2,2
AIABSA,FG,2,2
ESOE,TISE,2,2
ESOE,JOGO,2,2
ESOE,MIRS,2,2
ESOE,SUTA,2,2
ESOE,PHHE,2,2
ESOE,JSC,2,2
ESOE,NAK,2,2
ESOE,SVE,2,2
ESOE,CARSC,2,2
ESOE,HAPA,2,2
ESOE,TOZW,2,2
ESOE,SEH,2,2
ESOE,TIRO,2,2
ESOE,KR,2,2
ESOE,SP,2,2
ESOE,FM,2,2
ESOE,MA,2,2
ESOE,PASCHLO,2,2
ESOE,SIHO,2,2
ESOE,GUKRU,2,2
ESOE,BIWÄ,2,2
ESOE,ALEJA,2,2
ESOE,PIALE,2,2
ESOE,ALEBI,2,2
ESOE,NISE,2,2
ESOE,ABP,2,2
ESOE,MN,2,2
ESOE,DMF,2,2
ESOE,ESG,2,2
ESOE,FG,2,2
SUTA,PHHE,2,2
SUTA,JSC,2,2
SUTA,NAK,2,2
SUTA,SVE,2,2
SUTA,CARSC,2,2
SUTA,HAPA,2,2
SUTA,TOZW,2,2
SUTA,SEH,2,2
SUTA,TIRO,2,2
SUTA,KR,2,2
SUTA,SP,2,2
SUTA,FM,2,2
SUTA,MA,2,2
SUTA,PASCHLO,2,2
SUTA,SIHO,2,2
SUTA,GUKRU,2,2
SUTA,BIWÄ,2,2
SUTA,ALEJA,2,2
SUTA,PIALE,2,2
SUTA,ALEBI,2,2
SUTA,NISE,2,2
SUTA,ABP,2,2
SUTA,MN,2,2
SUTA,DMF,2,2
SUTA,ESG,2,2
SUTA,FG,2,2
PHHE,JSC,2,2
PHHE,NAK,2,2
PHHE,SVE,2,2
PHHE,CARSC,2,2
PHHE,HAPA,2,2
PHHE,TOZW,2,2
PHHE,SEH,2,2
PHHE,TIRO,2,2
PHHE,KR,2,2
PHHE,SP,2,2
PHHE,FM,2,2
PHHE,MA,2,2
PHHE,PASCHLO,2,2
PHHE,SIHO,2,2
PHHE,GUKRU,2,2
PHHE,BIWÄ,2,2
PHHE,ALEJA,2,2
PHHE,PIALE,2,2
PHHE,ALEBI,2,2
PHHE,NISE,2,2
PHHE,ABP,2,2
PHHE,MN,2,2
PHHE,DMF,2,2
PHHE,ESG,2,2
PHHE,FG,2,2
JSC,NAK,2,2
JSC,SVE,2,2
JSC,CARSC,2,2
JSC,HAPA,2,2
JSC,TOZW,2,2
JSC,SEH,2,2
JSC,TIRO,2,2
JSC,KR,2,2
JSC,SP,2,2
JSC,FM,2,2
JSC,MA,2,2
JSC,PASCHLO,2,2
JSC,SIHO,2,2
JSC,GUKRU,2,2
JSC,BIWÄ,2,2
JSC,ALEJA,2,2
JSC,PIALE,2,2
JSC,ALEBI,2,2
JSC,NISE,2,2
JSC,ABP,2,2
JSC,MN,2,2
JSC,DMF,2,2
JSC,ESG,2,2
JSC,FG,2,2
NAK,SVE,2,2
NAK,CARSC,2,2
NAK,HAPA,2,2
NAK,TOZW,2,2
NAK,SEH,2,2
NAK,TIRO,2,2
NAK,KR,2,2
NAK,SP,2,2
NAK,FM,2,2
NAK,MA,2,2
NAK,PASCHLO,2,2
NAK,SIHO,2,2
NAK,GUKRU,2,2
NAK,BIWÄ,2,2
NAK,ALEJA,2,2
NAK,PIALE,2,2
NAK,ALEBI,2,2
NAK,NISE,2,2
NAK,ABP,2,2
NAK,MN,2,2
NAK,DMF,2,2
NAK,ESG,2,2
NAK,FG,2,2
SVE,CARSC,2,2
SVE,HAPA,2,2
SVE,TOZW,2,2
SVE,SEH,2,2
SVE,TIRO,2,2
SVE,KR,2,2
SVE,SP,2,2
SVE,FM,2,2
SVE,MA,2,2
SVE,PASCHLO,2,2
SVE,SIHO,2,2
SVE,GUKRU,2,2
SVE,BIWÄ,2,2
SVE,ALEJA,2,2
SVE,PIALE,2,2
SVE,ALEBI,2,2
SVE,NISE,2,2
SVE,ABP,2,2
SVE,MN,2,2
SVE,DMF,2,2
SVE,ESG,2,2
SVE,FG,2,2
CARSC,HAPA,2,2
CARSC,TOZW,2,2
CARSC,SEH,2,2
CARSC,TIRO,2,2
CARSC,KR,2,2
CARSC,SP,2,2
CARSC,FM,2,2
CARSC,MA,2,2
CARSC,PASCHLO,2,2
CARSC,SIHO,2,2
CARSC,GUKRU,2,2
CARSC,BIWÄ,2,2
CARSC,ALEJA,2,2
CARSC,PIALE,2,2
CARSC,ALEBI,2,2
CARSC,NISE,2,2
CARSC,ABP,2,2
CARSC,MN,2,2
CARSC,DMF,2,2
CARSC,ESG,2,2
CARSC,FG,2,2
HAPA,TOZW,2,2
HAPA,SEH,2,2
HAPA,TIRO,2,2
HAPA,KR,2,2
HAPA,SP,2,2
HAPA,FM,2,2
HAPA,MA,2,2
HAPA,PASCHLO,2,2
HAPA,SIHO,2,2
HAPA,GUKRU,2,2
HAPA,BIWÄ,2,2
HAPA,ALEJA,2,2
HAPA,PIALE,2,2
HAPA,ALEBI,2,2
HAPA,NISE,2,2
HAPA,ABP,2,2
HAPA,MN,2,2
HAPA,DMF,2,2
HAPA,ESG,2,2
HAPA,FG,2,2
TOZW,SEH,2,2
TOZW,TIRO,2,2
TOZW,KR,2,2
TOZW,SP,2,2
TOZW,FM,2,2
TOZW,MA,2,2
TOZW,PASCHLO,2,2
TOZW,SIHO,2,2
TOZW,GUKRU,2,2
TOZW,BIWÄ,2,2
TOZW,ALEJA,2,2
TOZW,PIALE,2,2
TOZW,ALEBI,2,2
TOZW,NISE,2,2
TOZW,ABP,2,2
TOZW,MN,2,2
TOZW,DMF,2,2
TOZW,ESG,2,2
TOZW,FG,2,2
SEH,TIRO,2,2
SEH,KR,2,2
SEH,SP,2,2
SEH,FM,2,2
SEH,MA,2,2
SEH,PASCHLO,2,2
SEH,SIHO,2,2
SEH,GUKRU,2,2
SEH,BIWÄ,2,2
SEH,ALEJA,2,2
SEH,PIALE,2,2
SEH,ALEBI,2,2
SEH,NISE,2,2
SEH,ABP,2,2
SEH,MN,2,2
SEH,DMF,2,2
SEH,ESG,2,2
SEH,FG,2,2
TIRO,KR,2,2
TIRO,SP,2,2
TIRO,FM,2,2
TIRO,MA,2,2
TIRO,PASCHLO,2,2
TIRO,SIHO,2,2
TIRO,GUKRU,2,2
TIRO,BIWÄ,2,2
TIRO,ALEJA,2,2
TIRO,PIALE,2,2
TIRO,ALEBI,2,2
TIRO,NISE,2,2
TIRO,ABP,2,2
TIRO,MN,2,2
TIRO,DMF,2,2
TIRO,ESG,2,2
TIRO,FG,2,2
KR,SP,2,2
KR,FM,2,2
KR,MA,2,2
KR,PASCHLO,2,2
KR,SIHO,2,2
KR,GUKRU,2,2
KR,BIWÄ,2,2
KR,ALEJA,2,2
KR,PIALE,2,2
KR,ALEBI,2,2
KR,NISE,2,2
KR,ABP,2,2
KR,MN,2,2
KR,DMF,2,2
KR,ESG,2,2
KR,FG,2,2
SP,FM,2,2
SP,MA,2,2
SP,PASCHLO,2,2
SP,SIHO,2,2
SP,GUKRU,2,2
SP,BIWÄ,2,2
SP,ALEJA,2,2
SP,PIALE,2,2
SP,ALEBI,2,2
SP,NISE,2,2
SP,ABP,2,2
SP,MN,2,2
SP,DMF,2,2
SP,ESG,2,2
SP,FG,2,2
FM,MA,2,2
FM,PASCHLO,2,2
FM,SIHO,2,2
FM,GUKRU,2,2
FM,BIWÄ,2,2
FM,ALEJA,2,2
FM,PIALE,2,2
FM,ALEBI,2,2
FM,NISE,2,2
FM,ABP,2,2
FM,MN,2,2
FM,DMF,2,2
FM,ESG,2,2
FM,FG,2,2
MA,PASCHLO,2,2
MA,SIHO,2,2
MA,GUKRU,2,2
MA,BIWÄ,2,2
MA,ALEJA,2,2
MA,PIALE,2,2
MA,ALEBI,2,2
MA,NISE,2,2
MA,ABP,2,2
MA,MN,2,2
MA,DMF,2,2
MA,ESG,2,2
MA,FG,2,2
PASCHLO,SIHO,2,2
PASCHLO,GUKRU,2,2
PASCHLO,BIWÄ,2,2
PASCHLO,ALEJA,2,2
PASCHLO,PIALE,2,2
PASCHLO,ALEBI,2,2
PASCHLO,NISE,2,2
PASCHLO,ABP,2,2
PASCHLO,MN,2,2
PASCHLO,DMF,2,2
PASCHLO,ESG,2,2
PASCHLO,FG,2,2
SIHO,GUKRU,2,2
SIHO,BIWÄ,2,2
SIHO,ALEJA,2,2
SIHO,PIALE,2,2
SIHO,ALEBI,2,2
SIHO,NISE,2,2
SIHO,ABP,2,2
SIHO,MN,2,2
SIHO,DMF,2,2
SIHO,ESG,2,2
SIHO,FG,2,2
GUKRU,BIWÄ,2,2
GUKRU,ALEJA,2,2
GUKRU,PIALE,2,2
GUKRU,ALEBI,2,2
GUKRU,NISE,2,2
GUKRU,ABP,2,2
GUKRU,MN,2,2
GUKRU,DMF,2,2
GUKRU,ESG,2,2
GUKRU,FG,2,2
BIWÄ,ALEJA,2,2
BIWÄ,PIALE,2,2
BIWÄ,ALEBI,2,2
BIWÄ,NISE,2,2
BIWÄ,ABP,2,2
BIWÄ,MN,2,2
BIWÄ,DMF,2,2
BIWÄ,ESG,2,2
BIWÄ,FG,2,2
ALEJA,PIALE,2,2
ALEJA,ALEBI,2,2
ALEJA,NISE,2,2
ALEJA,ABP,2,2
ALEJA,MN,2,2
ALEJA,DMF,2,2
ALEJA,ESG,2,2
ALEJA,FG,2,2
PIALE,ALEBI,2,2
PIALE,NISE,2,2
PIALE,ABP,2,2
PIALE,MN,2,2
PIALE,DMF,2,2
PIALE,ESG,2,2
PIALE,FG,2,2
ALEBI,NISE,2,2
ALEBI,ABP,2,2
ALEBI,MN,2,2
ALEBI,DMF,2,2
ALEBI,ESG,2,2
ALEBI,FG,2,2
NISE,ABP,2,2
NISE,MN,2,2
NISE,DMF,2,2
NISE,ESG,2,2
NISE,FG,2,2
ABP,MN,2,2
ABP,DMF,2,2
ABP,ESG,2,2
ABP,FG,2,2
MN,DMF,2,2
MN,ESG,2,2
MN,FG,2,2
DMF,ESG,2,2
DMF,FG,2,2
ESG,FG,2,2
ZDF,LB,4,2
ZDF,LEOS,4,2
ZDF,LH,4,2
ZDF,KMJ,4,2
ZDF,NV,4,2
ZDF,VO,4,2
ZDF,NS,4,2
ZDF,CATK,4,2
ZDF,FK,4,2
ZDF,KJ,4,2
ZDF,JOHKAA,4,2
ZDF,FABSW,4,2
ZDF,MORDLUST,5,2
WDR,CCDS,4,2
WDR,MALES,4,2
WDR,MAS,4,2
WDR,ANNBE,4,2
WDR,KR,4,2
WDR,TG,4,2
WDR,SVENJK,4,2
WDR,FATT,4,2
WDR,PHW,4,2
WDR,FARSCH,4,2
WDR,REPORTER,5,2
WDR,MAEDELSABENDE,5,2
RB,LK,4,2
RB,MAB,4,2
SWR,JM,4,2
SWR,MG,4,2
SWR,PSYCHOLOGEEK,5,2
SWR,LEEROYWILLSWISSEN,5,2
NDR,CC,4,2
NDR,MPS,4,2
NDR,AW,4,2
NDR,DIESCHI,4,2
NDR,JOGO,4,2
NDR,SUTA,4,2
NDR,NAK,4,2
NDR,CARSC,4,2
NDR,HAPA,4,2
NDR,TOZW,4,2
NDR,SEH,4,2
NDR,SP,4,2
NDR,PASCHLO,4,2
NDR,GUKRU,4,2
NDR,BIWÄ,4,2
NDR,PIALE,4,2
NDR,NISE,4,2
NDR,MN,4,2
NDR,ESG,4,2
NDR,STRGF,5,2
NDR,DEEPUNDDEUTLICH,5,2
NDR,SVE,4,2
SR,KS,4,2
SR,RH,4,2
SR,MARLES,4,2
BR,FMH,4,2
BR,SAMIS,4,2
BR,MB,4,2
BR,TF,4,2
BR,ANGBO,4,2
BR,DIEFRAGE,5,2
HR,LISBR,4,2
HR,OFFENUNEHRLICH,5,2